{
  "type": "minecraft:crafting_shaped",
  "key": {
    "a": "minecraft:stick",
    "s": "minecraft:emerald"
  },
  "pattern": [
    "ss ",
    "sa ",
    " a "
  ],
  "result": {
    "components": {
      "minecraft:attribute_modifiers": [
        {
          "type": "minecraft:attack_damage",
          "amount": 8,
          "id": "attack_damage",
          "operation": "add_value",
          "slot": "mainhand"
        },
        {
          "type": "minecraft:attack_speed",
          "amount": -3,
          "id": "attack_speed",
          "operation": "add_value",
          "slot": "mainhand"
        }
      ],
      "minecraft:enchantable": {
        "value": 10
      },
      "minecraft:item_model": "new:emerald_axe",
      "minecraft:item_name": "'Emerald Axe'",
      "minecraft:max_damage": 725,
      "minecraft:repairable": {
        "items": "minecraft:emerald"
      },
      "minecraft:tool": {
        "rules": [
          {
            "blocks": "#minecraft:incorrect_for_diamond_tool",
            "correct_for_drops": false,
            "speed": 1
          },
          {
            "blocks": "#minecraft:mineable/axe",
            "correct_for_drops": true,
            "speed": 8
          }
        ]
      }
    },
    "count": 1,
    "id": "minecraft:wooden_axe"
  }
}
