{
  "type": "minecraft:crafting_shaped",
  "key": {
    "a": "minecraft:stick",
    "s": "minecraft:emerald"
  },
  "pattern": [
    "s",
    "s",
    "a"
  ],
  "result": {
    "components": {
      "minecraft:attribute_modifiers": [
        {
          "type": "minecraft:attack_damage",
          "amount": 6,
          "id": "attack_damage",
          "operation": "add_value",
          "slot": "mainhand"
        },
        {
          "type": "minecraft:attack_speed",
          "amount": -2.4,
          "id": "attack_speed",
          "operation": "add_value",
          "slot": "mainhand"
        }
      ],
      "minecraft:enchantable": {
        "value": 10
      },
      "minecraft:item_model": "new:emerald_sword",
      "minecraft:item_name": "'Emerald Sword'",
      "minecraft:max_damage": 725,
      "minecraft:repairable": {
        "items": "minecraft:emerald"
      }
    },
    "count": 1,
    "id": "minecraft:wooden_sword"
  }
}
