{
    "type": "minecraft:smithing_transform",
    "addition": "minecraft:command_block",
    "base": "minecraft:iron_chestplate",
    "result": {
      "components": {
        "minecraft:enchantment_glint_override": true,
        "minecraft:glider": {},
        "minecraft:lore": [
          {
            "color": "gray",
            "italic": false,
            "text": "Gliding"
          }
        ],
        "minecraft:rarity": "rare"
      },
      "id": "minecraft:iron_chestplate"
    },
    "template": "minecraft:elytra"
  }
  