{
	"credit": "Made with Blockbench",
	"texture_size": [64, 32],
	"textures": {
		"0": "new:armor/emerald_layer_1",
		"particle": "new:armor/emerald_layer_1"
	},
	"elements": [
		{
			"name": "hat",
			"from": [3.76563, 22.01563, 3.76563],
			"to": [12.23438, 30.48438, 12.23438],
			"rotation": {"angle": 0, "axis": "y", "origin": [8, 22.5, 6.125]},
			"faces": {
				"north": {"uv": [2, 4, 4, 8], "texture": "#0"},
				"east": {"uv": [0, 4, 2, 8], "texture": "#0"},
				"south": {"uv": [6, 4, 8, 8], "texture": "#0"},
				"west": {"uv": [4, 4, 6, 8], "texture": "#0"},
				"up": {"uv": [4, 4, 2, 0], "texture": "#0"},
				"down": {"uv": [6, 0, 4, 4], "texture": "#0"}
			}
		}
	]
}